CustomerID,Age,Gender,Region,AnnualIncome_USD,SpendingScore,ProductCategory,NumPurchasesPerYear,PurchaseAmount_USD,TenureMonths,SatisfactionScore,Churned
CUST00001,37,Male,North,36800,40.5,Beauty,7,207.83,17,3.8,0
CUST00002,19,Female,Central,33400,26.4,Sports,2,248.56,57,4.5,0
CUST00003,40,Female,North,38500,15.6,Electronics,1,412.96,1,2.1,0
CUST00004,42,Female,South,60500,30.6,Beauty,6,326.52,13,3.6,0
CUST00005,42,Male,South,54400,33.5,Beauty,2,301.54,27,3.9,0
CUST00006,48,Male,South,45700,27.5,Groceries,6,153.84,70,4.5,0
CUST00007,45,Male,North,53500,28.4,Beauty,2,290.64,59,3.3,1
CUST00008,41,Female,West,46100,18.9,Fashion,6,302.26,6,1.2,0
CUST00009,34,Female,North,49800,33.8,Beauty,13,211.13,23,4.0,0
CUST00010,18,Female,West,45400,44.3,Groceries,5,186.59,10,3.1,0
CUST00011,40,Male,North,35100,35.1,Sports,7,223.4,51,4.0,0
CUST00012,37,Other,North,50500,31.9,Groceries,3,172.85,19,3.3,1
CUST00013,38,Female,Central,48900,32.3,Groceries,9,136.79,51,4.0,0
CUST00014,20,Male,North,41000,27.5,Electronics,1,599.56,68,4.8,0
CUST00015,22,Male,Central,38600,36.0,Fashion,7,333.77,42,2.3,0
CUST00016,48,Male,East,52000,25.5,Electronics,2,419.91,57,4.9,0
CUST00017,35,Male,North,44900,42.7,Sports,6,350.89,68,4.0,0
CUST00018,43,Female,Central,47400,13.1,Home & Living,1,324.71,38,5.0,0
CUST00019,35,Male,South,57400,39.3,Sports,9,495.06,62,3.7,0
CUST00020,35,Male,Central,47900,41.3,Fashion,4,366.2,7,2.7,0
CUST00021,46,Female,North,74200,52.5,Beauty,10,318.89,71,4.0,0
CUST00022,29,Male,Central,42100,68.5,Groceries,10,277.06,50,4.2,0
CUST00023,36,Male,North,42200,38.0,Home & Living,6,311.24,52,3.7,0
CUST00024,29,Male,East,29000,15.9,Fashion,3,174.89,26,3.9,0
CUST00025,30,Male,West,27300,25.4,Electronics,2,329.95,26,3.2,0
CUST00026,31,Female,Central,30100,6.6,Groceries,2,69.88,19,3.3,0
CUST00027,38,Male,Central,52700,38.7,Sports,11,414.69,9,5.0,0
CUST00028,29,Female,West,47200,29.4,Electronics,3,458.63,61,4.4,0
CUST00029,50,Female,Central,46300,42.4,Fashion,11,383.18,20,3.8,0
CUST00030,24,Male,North,46500,34.1,Fashion,10,361.29,50,2.7,0
CUST00031,33,Female,South,41700,33.1,Sports,3,314.8,22,4.5,0
CUST00032,30,Male,South,44800,29.9,Home & Living,1,371.61,13,4.2,0
CUST00033,52,Male,South,76700,70.6,Sports,13,629.48,12,2.9,0
CUST00034,37,Female,South,57500,39.1,Beauty,5,366.01,10,4.2,0
CUST00035,47,Other,East,55500,60.2,Electronics,16,783.3,65,4.6,0
CUST00036,18,Female,North,25300,39.3,Home & Living,7,346.73,30,3.6,0
CUST00037,38,Male,West,30900,31.8,Groceries,3,33.65,8,4.2,0
CUST00038,46,Male,North,50600,39.9,Beauty,3,299.0,21,3.0,0
CUST00039,36,Female,South,46700,41.3,Home & Living,10,461.08,22,3.0,0
CUST00040,48,Male,East,49900,11.3,Electronics,1,439.03,18,3.6,0
CUST00041,29,Male,West,41500,32.4,Fashion,6,290.75,66,4.5,0
CUST00042,52,Female,West,62900,51.3,Groceries,11,193.99,48,4.5,0
CUST00043,63,Male,West,69500,40.8,Sports,5,414.91,44,3.7,0
CUST00044,31,Female,North,38500,16.4,Electronics,3,388.79,9,2.6,0
CUST00045,30,Male,East,45000,37.0,Beauty,6,330.35,67,5.0,0
CUST00046,52,Female,North,66200,63.6,Beauty,13,401.09,54,3.1,0
CUST00047,54,Male,South,54100,49.9,Fashion,10,523.06,26,3.7,0
CUST00048,29,Female,South,55300,43.7,Fashion,7,452.62,26,4.2,0
CUST00049,30,Female,North,42600,47.5,Groceries,8,177.49,34,4.5,1
CUST00050,32,Male,South,45400,32.8,Sports,4,306.68,8,2.8,0
CUST00051,19,Other,Central,40500,18.2,Groceries,1,164.02,10,1.7,1
CUST00052,24,Female,Central,40500,25.8,Fashion,5,316.93,48,3.4,0
CUST00053,23,Female,South,46100,59.5,Fashion,16,614.28,55,4.8,0
CUST00054,26,Female,North,42700,34.3,Beauty,3,200.75,54,4.4,0
CUST00055,35,Female,North,42200,31.2,Fashion,3,360.91,40,4.3,0
CUST00056,38,Female,South,53600,36.6,Home & Living,3,409.99,15,4.0,0
CUST00057,54,Male,Central,53600,57.4,Electronics,12,676.61,18,4.7,0
CUST00058,23,Male,North,38500,55.5,Fashion,11,425.16,23,2.9,0
CUST00059,47,Male,West,57700,66.2,Groceries,11,262.66,62,3.0,0
CUST00060,32,Male,North,43300,34.0,Sports,3,491.09,46,4.2,0
CUST00061,34,Male,Central,45700,40.2,Sports,7,340.59,39,2.9,1
CUST00062,43,Male,South,37600,10.3,Sports,1,125.85,15,2.3,0
CUST00063,22,Female,West,31800,49.9,Home & Living,9,420.52,53,4.9,0
CUST00064,40,Male,South,52800,25.0,Groceries,7,33.62,64,4.1,0
CUST00065,37,Male,West,50900,41.5,Home & Living,3,447.96,63,4.1,0
CUST00066,41,Female,North,43600,19.7,Fashion,1,283.82,16,3.4,0
CUST00067,38,Male,North,61700,38.2,Electronics,11,699.26,70,4.2,0
CUST00068,64,Female,Central,64600,27.9,Sports,3,434.0,66,5.0,0
CUST00069,27,Male,Central,49700,34.3,Groceries,9,141.22,13,2.0,0
CUST00070,29,Other,Central,46500,32.4,Sports,5,313.04,47,2.6,0
CUST00071,28,Female,West,36000,26.1,Home & Living,4,258.38,9,2.5,0
CUST00072,28,Male,West,57800,56.3,Beauty,11,306.44,63,4.3,1
CUST00073,27,Male,North,30200,16.2,Fashion,1,226.32,34,5.0,0
CUST00074,49,Female,South,67900,47.9,Electronics,8,680.03,29,4.4,0
CUST00075,52,Female,South,71200,60.9,Fashion,9,569.76,37,4.3,0
CUST00076,28,Female,West,35800,26.4,Beauty,1,143.55,43,3.6,0
CUST00077,25,Female,South,51800,35.0,Electronics,7,599.7,64,3.1,0
CUST00078,41,Male,North,50600,34.5,Beauty,5,385.93,24,3.9,0
CUST00079,28,Male,East,44400,52.1,Fashion,8,357.97,71,5.0,0
CUST00080,43,Male,West,56900,42.8,Home & Living,4,377.65,34,3.5,0
CUST00081,37,Female,South,48200,30.8,Fashion,10,346.88,48,3.4,0
CUST00082,18,Female,North,40600,44.9,Fashion,10,387.02,12,3.2,0
CUST00083,54,Male,North,71000,32.2,Fashion,8,474.28,23,4.0,0
CUST00084,57,Male,South,50700,39.9,Groceries,6,158.41,13,3.3,1
CUST00085,28,Male,South,53500,48.5,Beauty,3,322.12,45,4.5,0
CUST00086,30,Male,West,28500,23.6,Beauty,10,192.55,65,4.0,0
CUST00087,38,Female,West,59600,33.9,Sports,5,443.21,47,3.7,0
CUST00088,39,Female,West,61300,34.0,Beauty,3,193.1,58,4.1,0
CUST00089,43,Female,South,44700,39.3,Sports,8,321.72,5,2.8,0
CUST00090,59,Female,Central,64500,54.4,Groceries,13,256.07,5,4.6,0
CUST00091,33,Male,North,36100,23.4,Home & Living,4,236.14,60,4.6,0
CUST00092,25,Female,East,37300,40.1,Sports,11,421.49,21,2.6,0
CUST00093,18,Female,West,30500,7.7,Fashion,5,131.65,24,2.8,0
CUST00094,26,Female,North,47100,33.3,Home & Living,2,391.43,18,3.9,0
CUST00095,35,Female,North,59500,44.6,Groceries,5,246.02,21,3.6,0
CUST00096,57,Female,Central,79000,38.5,Beauty,9,346.68,54,4.2,0
CUST00097,29,Female,South,37600,22.1,Sports,1,132.43,10,3.1,0
CUST00098,38,Male,West,48400,28.9,Fashion,4,320.76,24,3.9,1
CUST00099,35,Male,North,32600,31.6,Electronics,1,482.76,60,3.9,0
CUST00100,49,Male,West,52400,33.4,Electronics,4,539.59,57,4.5,0
CUST00101,65,Male,South,81900,21.6,Home & Living,3,451.2,23,4.2,0
CUST00102,29,Female,North,57200,20.2,Beauty,2,306.45,22,4.7,0
CUST00103,29,Male,West,31500,22.3,Electronics,2,331.61,68,3.7,0
CUST00104,48,Female,South,53500,42.1,Home & Living,4,438.37,34,3.7,0
CUST00105,43,Female,South,54300,5.9,Groceries,8,129.96,70,3.1,0
CUST00106,57,Male,North,69000,37.2,Home & Living,12,564.93,28,5.0,0
CUST00107,42,Male,North,46400,28.0,Home & Living,1,506.74,39,2.2,0
CUST00108,31,Female,South,48200,55.9,Home & Living,14,562.73,42,5.0,0
CUST00109,42,Male,North,49400,31.6,Fashion,4,432.94,23,3.6,0
CUST00110,48,Male,Central,58700,44.5,Home & Living,8,475.68,70,4.5,0
CUST00111,45,Male,North,61200,44.2,Sports,7,368.89,2,3.1,0
CUST00112,41,Male,East,52900,13.1,Home & Living,1,323.68,24,3.5,0
CUST00113,48,Female,North,54900,46.7,Fashion,11,463.74,17,3.9,0
CUST00114,49,Female,South,58700,42.1,Fashion,7,388.07,65,2.8,0
CUST00115,52,Female,Central,61400,46.3,Groceries,6,209.51,70,3.6,0
CUST00116,43,Female,North,51200,84.1,Beauty,10,470.38,69,3.5,0
CUST00117,33,Female,Central,43700,10.8,Electronics,1,373.88,60,4.4,0
CUST00118,37,Male,North,63800,67.6,Electronics,6,892.85,50,4.1,0
CUST00119,49,Female,West,64700,39.8,Home & Living,7,528.61,12,3.9,0
CUST00120,25,Female,East,36600,37.6,Groceries,3,121.74,47,3.8,0
CUST00121,39,Female,Central,57400,41.7,Home & Living,6,454.85,67,5.0,0
CUST00122,30,Female,East,40500,29.7,Electronics,9,386.85,65,3.5,0
CUST00123,35,Male,East,58300,37.3,Fashion,10,535.93,27,3.7,0
CUST00124,50,Male,North,63800,46.3,Beauty,8,360.54,48,4.7,0
CUST00125,37,Male,North,48500,19.2,Groceries,3,123.83,62,4.7,0
CUST00126,36,Male,Central,52600,49.3,Fashion,14,403.48,44,2.6,0
CUST00127,19,Female,South,20000,20.9,Beauty,5,310.36,19,2.6,0
CUST00128,44,Female,South,45300,19.4,Groceries,2,66.94,59,3.8,0
CUST00129,43,Male,West,43800,26.9,Groceries,1,118.36,8,3.0,0
CUST00130,61,Female,South,71100,58.2,Electronics,11,871.09,55,4.1,0
CUST00131,31,Male,Central,59900,40.2,Fashion,9,485.3,47,4.5,0
CUST00132,38,Male,West,70400,55.0,Groceries,7,313.78,2,3.4,1
CUST00133,38,Male,East,56000,32.9,Sports,6,470.64,39,4.1,0
CUST00134,54,Male,Central,68400,52.9,Groceries,8,278.26,45,4.3,0
CUST00135,34,Female,North,30700,35.5,Beauty,5,154.16,32,4.4,0
CUST00136,38,Male,South,45400,57.3,Electronics,2,660.2,65,1.8,0
CUST00137,42,Female,East,46600,32.3,Home & Living,5,404.94,38,3.4,0
CUST00138,37,Female,South,43900,42.5,Electronics,10,690.65,11,2.8,0
CUST00139,30,Male,West,42000,36.9,Home & Living,4,303.71,10,3.7,0
CUST00140,37,Other,Central,45200,50.9,Fashion,9,506.19,59,3.7,0
CUST00141,48,Other,East,41000,20.2,Fashion,1,284.52,55,4.0,0
CUST00142,23,Male,South,44300,48.6,Groceries,9,240.93,20,4.1,0
CUST00143,37,Female,Central,39800,29.6,Sports,4,277.4,17,2.9,0
CUST00144,27,Male,East,43100,36.7,Fashion,3,308.65,68,4.4,0
CUST00145,49,Male,East,78300,52.9,Groceries,13,312.74,5,4.5,0
CUST00146,18,Male,South,25000,32.4,Electronics,8,416.99,60,4.7,0
CUST00147,28,Female,Central,19000,20.7,Fashion,2,237.56,23,2.2,0
CUST00148,40,Female,East,49400,39.5,Electronics,8,580.8,46,3.7,0
CUST00149,54,Male,West,73800,66.2,Electronics,13,881.19,52,4.4,0
CUST00150,34,Male,West,64500,60.2,Sports,12,417.31,10,3.8,0
CUST00151,28,Female,South,30700,39.8,Fashion,2,368.12,46,3.6,0
CUST00152,58,Male,East,71800,39.1,Electronics,10,747.71,28,3.3,0
CUST00153,18,Male,Central,29100,21.2,Sports,2,147.49,43,3.7,0
CUST00154,18,Female,South,32300,45.4,Sports,6,287.57,26,2.6,0
CUST00155,40,Other,West,75800,63.9,Fashion,19,600.73,55,4.9,0
CUST00156,29,Male,Central,29100,45.7,Sports,9,219.36,48,5.0,0
CUST00157,23,Female,West,39800,29.6,Fashion,4,262.81,29,3.8,0
CUST00158,44,Female,West,59600,39.1,Fashion,1,374.85,27,3.4,0
CUST00159,38,Male,West,60100,24.6,Home & Living,8,387.72,18,4.2,0
CUST00160,28,Female,Central,42700,32.2,Electronics,1,445.34,60,4.7,0
CUST00161,20,Male,South,37800,48.6,Beauty,5,186.64,69,3.8,0
CUST00162,45,Female,North,52700,31.6,Fashion,4,499.23,21,3.5,0
CUST00163,43,Female,South,57000,48.3,Electronics,12,764.53,24,3.2,0
CUST00164,34,Female,West,43800,33.2,Sports,8,267.9,3,3.3,0
CUST00165,57,Male,East,72000,48.9,Groceries,8,263.04,62,4.2,0
CUST00166,22,Female,West,33400,19.4,Fashion,4,261.64,2,2.5,1
CUST00167,18,Male,South,36700,37.7,Sports,4,376.61,66,3.2,0
CUST00168,27,Male,West,40700,1.0,Sports,1,117.88,42,2.6,1
CUST00169,34,Male,North,57000,41.5,Sports,7,467.83,34,4.0,0
CUST00170,38,Female,West,49800,18.3,Sports,6,243.19,42,3.7,0
CUST00171,32,Female,East,29200,41.5,Sports,10,210.95,20,3.3,0
CUST00172,39,Male,North,62500,54.7,Fashion,11,571.16,68,4.6,0
CUST00173,20,Female,South,26800,35.4,Beauty,5,282.15,45,3.0,0
CUST00174,52,Male,West,56300,55.2,Home & Living,11,703.72,42,3.1,0
CUST00175,34,Female,East,41500,22.7,Sports,4,189.36,47,3.9,0
CUST00176,48,Male,North,71200,68.7,Sports,8,615.28,5,2.0,0
CUST00177,39,Female,Central,31900,37.5,Home & Living,5,317.53,49,3.6,0
CUST00178,40,Male,West,80200,53.3,Fashion,9,646.13,37,5.0,0
CUST00179,42,Female,Central,63200,58.4,Electronics,12,708.7,34,2.7,0
CUST00180,40,Male,East,54000,26.5,Groceries,4,87.88,70,3.7,0
CUST00181,43,Male,East,54100,28.9,Groceries,1,122.34,18,1.6,1
CUST00182,51,Male,Central,63900,34.8,Electronics,6,647.55,19,3.4,0
CUST00183,37,Female,East,54100,34.5,Fashion,6,358.97,40,5.0,0
CUST00184,44,Female,West,61200,30.2,Groceries,6,225.36,17,3.7,0
CUST00185,34,Male,South,51900,55.2,Home & Living,12,588.94,60,3.6,0
CUST00186,52,Female,East,63000,38.1,Electronics,9,695.21,42,5.0,0
CUST00187,27,Female,North,39200,39.3,Beauty,5,354.62,72,2.8,0
CUST00188,57,Female,North,65100,33.9,Fashion,4,468.01,65,4.5,0
CUST00189,35,Female,North,46000,14.7,Electronics,1,320.17,53,3.9,0
CUST00190,18,Male,North,43500,44.1,Groceries,9,261.41,7,3.0,1
CUST00191,37,Male,Central,54800,18.4,Fashion,7,289.82,5,3.9,0
CUST00192,27,Female,South,15000,19.1,Home & Living,2,222.89,24,2.5,0
CUST00193,45,Female,West,62200,26.7,Fashion,4,491.46,28,3.9,0
CUST00194,27,Female,Central,42700,61.1,Fashion,15,497.56,62,4.3,0
CUST00195,30,Male,East,43300,47.5,Home & Living,9,357.47,17,2.7,0
CUST00196,18,Male,North,29800,33.6,Sports,7,205.23,20,4.9,0
CUST00197,30,Female,West,53600,58.2,Home & Living,6,629.97,3,3.2,0
CUST00198,18,Female,West,41800,29.7,Fashion,7,310.99,37,3.6,0
CUST00199,18,Female,West,26300,36.7,Home & Living,3,315.98,15,2.5,1
CUST00200,44,Female,West,59100,43.9,Sports,4,466.31,51,3.8,0
CUST00201,44,Female,Central,46700,37.0,Electronics,5,589.3,48,5.0,0
CUST00202,40,Male,East,39600,46.0,Home & Living,6,438.65,8,3.1,0
CUST00203,23,Male,South,31900,40.7,Home & Living,6,345.73,13,3.8,0
CUST00204,34,Female,West,54700,45.8,Fashion,3,433.52,48,4.6,0
CUST00205,35,Female,North,56300,23.1,Electronics,7,567.03,3,3.2,0
CUST00206,21,Male,Central,40500,26.4,Beauty,8,251.52,65,3.7,1
CUST00207,53,Male,North,69600,43.5,Beauty,1,353.44,31,4.0,0
CUST00208,46,Female,South,61700,43.6,Groceries,10,279.89,26,3.3,0
CUST00209,32,Male,West,39400,19.9,Home & Living,1,281.67,56,3.7,0
CUST00210,35,Male,East,51600,68.9,Home & Living,14,543.84,34,4.5,0
CUST00211,38,Female,South,57500,60.8,Electronics,10,731.04,9,3.4,0
CUST00212,18,Female,East,40100,46.0,Sports,8,294.88,62,5.0,0
CUST00213,32,Female,Central,55900,44.6,Beauty,7,312.39,13,3.3,0
CUST00214,27,Male,South,47300,37.6,Groceries,10,247.58,69,3.0,0
CUST00215,23,Female,Central,40700,26.0,Electronics,1,386.89,41,1.0,0
CUST00216,32,Male,North,54800,44.0,Home & Living,9,496.11,1,1.8,1
CUST00217,57,Male,West,66200,44.5,Beauty,11,321.96,47,2.5,0
CUST00218,43,Female,Central,46600,19.2,Groceries,5,117.9,4,3.3,0
CUST00219,28,Female,North,40300,39.4,Fashion,14,268.75,63,3.2,0
CUST00220,42,Female,East,47000,32.8,Beauty,4,247.38,52,2.3,0
CUST00221,52,Female,North,56100,14.0,Groceries,5,129.98,10,3.1,0
CUST00222,46,Female,West,55800,28.5,Electronics,4,581.06,28,2.8,0
CUST00223,36,Male,East,41500,28.4,Fashion,8,327.2,6,3.6,0
CUST00224,27,Male,West,38200,57.1,Groceries,9,124.41,27,3.8,0
CUST00225,43,Male,North,37500,35.1,Groceries,5,213.76,12,3.7,0
CUST00226,40,Male,North,53900,23.7,Home & Living,8,390.79,62,2.0,0
CUST00227,46,Other,North,57100,45.4,Sports,6,430.98,52,4.0,1
CUST00228,43,Male,South,47200,15.9,Beauty,1,203.91,48,3.7,0
CUST00229,48,Female,East,64700,56.6,Home & Living,8,564.76,67,3.2,0
CUST00230,29,Female,Central,51100,36.1,Fashion,8,404.69,46,2.1,0
CUST00231,51,Female,West,46900,30.3,Sports,9,343.4,15,3.3,0
CUST00232,37,Female,East,42600,49.6,Groceries,9,84.55,71,4.9,0
CUST00233,60,Female,Central,62100,22.4,Home & Living,8,378.65,36,1.6,0
CUST00234,27,Female,West,32500,14.1,Sports,1,173.92,14,2.6,0
CUST00235,56,Male,Central,73100,39.1,Beauty,5,380.67,3,3.3,0
CUST00236,37,Female,East,47700,49.3,Fashion,7,509.24,67,5.0,0
CUST00237,27,Male,South,38600,16.4,Electronics,2,310.94,19,3.2,0
CUST00238,29,Male,North,24600,1.0,Home & Living,1,93.24,54,5.0,0
CUST00239,31,Female,West,50100,35.0,Fashion,8,351.39,69,2.7,0
CUST00240,40,Male,North,40800,38.1,Electronics,5,469.06,10,1.8,1
CUST00241,41,Female,South,53400,53.4,Home & Living,9,504.62,33,4.5,0
CUST00242,28,Female,East,44300,32.3,Fashion,5,390.39,13,1.5,1
CUST00243,35,Female,East,60000,40.3,Fashion,4,386.96,51,4.3,0
CUST00244,61,Male,West,58100,48.8,Sports,8,463.03,32,3.4,0
CUST00245,56,Male,North,38400,2.0,Home & Living,1,92.29,24,2.7,0
CUST00246,40,Female,South,53700,34.9,Fashion,5,363.84,35,3.3,0
CUST00247,35,Male,West,64000,50.0,Groceries,8,213.23,70,3.0,0
CUST00248,36,Other,Central,59800,50.2,Home & Living,9,640.54,40,3.6,0
CUST00249,42,Other,West,55600,33.9,Fashion,4,384.77,54,4.0,0
CUST00250,23,Female,Central,33100,33.1,Sports,9,139.35,44,3.3,0
CUST00251,32,Male,West,52500,11.8,Electronics,1,295.36,62,3.5,0
CUST00252,18,Male,East,24500,21.1,Electronics,1,300.63,68,4.3,0
CUST00253,40,Female,North,56300,46.6,Groceries,16,247.29,33,4.9,0
CUST00254,43,Male,West,59100,30.1,Home & Living,2,457.91,56,3.8,0
CUST00255,29,Male,West,52200,43.2,Sports,3,400.29,36,4.4,0
CUST00256,54,Female,West,88700,61.9,Fashion,13,745.99,54,3.4,0
CUST00257,20,Female,East,38500,33.0,Fashion,1,289.48,19,2.3,0
CUST00258,18,Female,East,28700,33.7,Electronics,5,463.84,43,4.2,0
CUST00259,38,Female,South,50100,26.5,Sports,11,213.78,12,3.1,1
CUST00260,48,Male,East,42900,27.5,Groceries,1,89.25,11,4.1,0
CUST00261,55,Female,North,58500,44.6,Electronics,1,565.69,70,5.0,0
CUST00262,29,Other,West,39000,36.1,Electronics,2,475.7,12,4.1,0
CUST00263,48,Male,North,54100,30.0,Groceries,8,168.42,41,4.3,0
CUST00264,35,Female,North,49100,41.1,Home & Living,10,449.67,25,1.0,1
CUST00265,33,Female,East,38600,41.2,Fashion,5,363.9,3,3.6,0
CUST00266,46,Female,West,67200,21.3,Home & Living,6,374.26,3,3.9,0
CUST00267,43,Female,East,54600,53.0,Sports,13,429.59,28,2.6,0
CUST00268,18,Female,South,33200,30.4,Beauty,10,118.54,23,3.4,0
CUST00269,53,Male,East,60100,44.1,Beauty,7,422.29,48,3.0,0
CUST00270,52,Male,South,63600,55.9,Beauty,2,373.13,67,4.9,0
CUST00271,27,Female,Central,48400,24.3,Groceries,2,118.5,42,2.9,0
CUST00272,40,Female,Central,44200,25.1,Electronics,3,546.89,40,3.2,0
CUST00273,41,Female,East,46900,31.5,Home & Living,4,309.35,6,2.9,0
CUST00274,38,Female,South,47600,27.0,Fashion,4,266.64,20,5.0,0
CUST00275,28,Female,West,29700,49.6,Beauty,12,195.92,11,4.1,0
CUST00276,27,Female,North,33600,21.3,Home & Living,7,264.56,27,4.8,0
CUST00277,35,Female,East,43500,28.3,Beauty,4,260.19,21,2.0,1
CUST00278,49,Female,South,67500,47.5,Beauty,11,419.98,13,2.4,0
CUST00279,42,Female,Central,56100,25.9,Fashion,5,520.82,35,4.8,0
CUST00280,31,Female,North,46100,33.2,Sports,6,188.87,47,2.3,0
CUST00281,44,Female,East,63100,47.8,Sports,11,489.68,28,3.1,0
CUST00282,18,Male,West,32100,29.8,Sports,5,220.13,21,5.0,0
CUST00283,49,Male,East,63200,41.2,Groceries,13,177.74,18,2.6,0
CUST00284,18,Male,North,32400,27.6,Electronics,1,355.65,31,2.2,1
CUST00285,31,Female,Central,46700,20.2,Groceries,2,81.29,60,3.9,0
CUST00286,22,Male,East,31500,35.8,Home & Living,6,432.7,37,2.3,0
CUST00287,19,Male,West,15000,43.8,Groceries,9,172.52,21,4.4,0
CUST00288,49,Female,South,58400,39.6,Home & Living,10,481.3,14,2.7,0
CUST00289,29,Male,East,55500,47.2,Home & Living,8,585.35,60,3.2,0
CUST00290,39,Female,East,59500,51.9,Electronics,4,638.82,23,3.7,0
CUST00291,34,Male,North,55600,27.6,Fashion,7,292.31,29,3.2,0
CUST00292,41,Male,North,64000,66.1,Electronics,13,723.11,47,4.2,0
CUST00293,36,Female,Central,49400,40.7,Sports,1,326.58,30,4.0,0
CUST00294,20,Male,South,36800,55.6,Sports,9,390.42,38,3.5,0
CUST00295,47,Male,North,52400,27.5,Groceries,1,168.72,27,2.5,0
CUST00296,29,Female,East,39800,56.5,Home & Living,7,484.76,15,4.0,0
CUST00297,18,Female,West,38800,47.3,Beauty,5,198.42,59,3.4,0
CUST00298,30,Male,North,54300,50.1,Beauty,11,390.29,3,2.5,0
CUST00299,53,Female,East,61800,42.9,Home & Living,8,527.23,10,3.5,0
CUST00300,45,Male,North,52200,33.9,Electronics,2,605.87,17,2.0,0
CUST00301,31,Male,North,44400,51.3,Fashion,11,318.8,11,3.6,0
CUST00302,31,Female,North,49800,42.0,Electronics,3,619.65,48,4.1,0
CUST00303,31,Female,Central,31400,5.2,Home & Living,2,105.66,5,4.0,0
CUST00304,60,Female,North,48300,15.8,Home & Living,1,287.63,69,3.7,0
CUST00305,40,Female,North,47000,33.1,Fashion,4,391.78,64,5.0,0
CUST00306,40,Other,East,41000,35.3,Groceries,7,161.6,14,3.7,0
CUST00307,47,Female,Central,53400,36.2,Groceries,8,131.73,50,3.7,0
CUST00308,38,Male,South,49000,52.0,Fashion,13,456.22,26,5.0,0
CUST00309,32,Female,East,41100,11.1,Groceries,2,13.62,72,4.1,0
CUST00310,33,Male,North,59100,47.1,Beauty,9,416.39,69,3.8,0
CUST00311,34,Male,East,49800,17.4,Groceries,2,123.82,7,3.3,0
CUST00312,35,Male,East,50500,48.4,Groceries,9,269.75,16,2.9,0
CUST00313,44,Male,East,61000,41.6,Groceries,8,177.77,55,4.2,0
CUST00314,36,Other,South,38400,36.4,Beauty,6,213.77,56,4.9,0
CUST00315,44,Female,South,64800,34.7,Groceries,1,156.62,4,3.1,0
CUST00316,34,Female,North,46200,52.3,Sports,10,457.03,48,4.0,0
CUST00317,36,Male,South,54600,54.0,Beauty,10,313.59,17,4.0,0
CUST00318,18,Male,North,23700,35.5,Fashion,4,306.97,36,4.6,0
CUST00319,46,Male,West,43100,29.3,Electronics,1,449.79,70,3.8,0
CUST00320,39,Male,Central,58500,49.9,Fashion,13,369.38,38,3.9,0
CUST00321,47,Female,Central,61300,33.4,Electronics,7,582.55,62,4.8,0
CUST00322,18,Female,Central,25200,39.7,Fashion,6,223.55,48,4.0,0
CUST00323,60,Female,West,61200,57.0,Sports,6,486.23,10,1.9,0
CUST00324,33,Male,West,56200,56.4,Electronics,7,667.26,36,4.6,0
CUST00325,48,Female,South,48100,24.5,Electronics,8,528.04,29,4.1,0
CUST00326,23,Female,West,52300,49.0,Home & Living,9,492.54,4,3.8,0
CUST00327,42,Female,East,45600,18.3,Electronics,1,404.16,44,2.9,0
CUST00328,22,Female,East,42400,45.7,Electronics,9,617.82,56,4.2,0
CUST00329,28,Male,West,38800,39.9,Home & Living,4,445.17,42,4.5,0
CUST00330,58,Male,South,72700,22.7,Groceries,8,191.86,13,2.6,0
CUST00331,33,Male,South,41200,20.3,Groceries,7,78.76,46,3.2,0
CUST00332,38,Female,Central,48800,33.8,Home & Living,4,298.15,33,4.3,0
CUST00333,45,Male,North,56600,36.0,Beauty,4,260.92,21,2.9,0
CUST00334,41,Male,East,43800,18.5,Electronics,1,367.61,57,3.8,0
CUST00335,37,Male,Central,56100,46.8,Electronics,3,679.96,69,3.5,0
CUST00336,39,Male,West,46500,38.4,Home & Living,2,396.03,70,5.0,0
CUST00337,64,Female,East,70300,39.2,Home & Living,7,576.28,67,4.6,0
CUST00338,34,Female,South,38000,22.8,Beauty,3,161.43,48,3.5,0
CUST00339,37,Female,South,26400,36.1,Sports,2,253.8,33,3.2,0
CUST00340,48,Male,Central,57100,58.8,Groceries,9,308.72,36,2.7,0
CUST00341,48,Female,East,80500,47.7,Fashion,9,595.08,33,3.7,0
CUST00342,49,Female,East,66700,37.2,Sports,8,419.44,31,4.2,0
CUST00343,43,Male,North,54400,44.8,Groceries,2,166.76,21,2.7,0
CUST00344,21,Male,North,33500,29.3,Electronics,4,373.3,27,3.6,0
CUST00345,55,Male,Central,65000,39.7,Sports,2,375.7,72,3.9,0
CUST00346,21,Female,South,40800,47.0,Home & Living,11,400.26,62,5.0,0
CUST00347,39,Female,West,40500,8.8,Beauty,4,204.51,26,3.0,0
CUST00348,26,Male,North,50100,58.0,Groceries,7,208.69,66,4.6,0
CUST00349,34,Male,West,53300,42.3,Beauty,5,231.7,12,4.4,0
CUST00350,39,Female,Central,57600,37.4,Groceries,5,299.83,22,3.2,0
CUST00351,39,Female,East,55100,39.7,Sports,1,406.34,17,3.0,0
CUST00352,40,Female,North,52200,38.2,Electronics,7,506.37,7,4.1,0
CUST00353,54,Female,East,70000,24.1,Fashion,3,392.83,68,2.7,0
CUST00354,40,Male,West,57300,59.8,Beauty,13,390.94,37,4.1,0
CUST00355,32,Male,South,42000,35.5,Beauty,3,355.96,38,2.4,1
CUST00356,47,Female,Central,52800,41.9,Fashion,5,359.41,11,4.3,0
CUST00357,49,Male,West,60600,52.1,Beauty,4,427.54,1,3.0,0
CUST00358,20,Female,Central,48900,31.3,Beauty,2,345.62,25,3.4,0
CUST00359,42,Female,West,42500,37.5,Groceries,3,126.03,42,3.1,0
CUST00360,43,Female,North,41300,27.6,Groceries,8,123.91,52,2.5,0
CUST00361,31,Male,South,45800,47.9,Fashion,6,360.64,24,4.5,0
CUST00362,52,Female,North,62700,15.5,Electronics,3,493.23,53,3.8,0
CUST00363,33,Male,Central,47600,37.0,Sports,5,343.6,56,5.0,0
CUST00364,37,Female,West,51600,32.1,Sports,2,380.8,63,3.4,0
CUST00365,33,Female,West,44000,41.1,Beauty,6,344.31,8,2.8,0
CUST00366,35,Male,South,61200,51.6,Electronics,10,693.55,59,3.4,0
CUST00367,22,Other,North,22300,17.7,Fashion,1,61.85,45,3.5,0
CUST00368,18,Female,West,25800,21.3,Fashion,6,210.65,27,4.7,0
CUST00369,54,Male,East,63000,39.1,Groceries,4,225.72,52,4.6,0
CUST00370,25,Male,South,24500,15.8,Beauty,1,146.45,18,2.1,0
CUST00371,23,Male,West,36000,44.6,Home & Living,9,377.98,16,4.4,0
CUST00372,18,Male,North,48300,39.5,Fashion,5,402.5,66,4.7,0
CUST00373,27,Male,South,41100,1.4,Beauty,1,227.15,5,3.6,0
CUST00374,19,Female,East,36200,31.5,Electronics,4,466.26,3,2.7,1
CUST00375,55,Male,North,53400,21.7,Groceries,4,129.97,70,3.5,0
CUST00376,47,Male,Central,52400,16.7,Sports,1,249.73,7,3.3,0
CUST00377,27,Female,North,37600,19.2,Electronics,1,359.47,50,3.4,0
CUST00378,62,Male,North,67800,42.0,Fashion,9,590.56,14,4.5,0
CUST00379,47,Female,North,69500,62.9,Fashion,14,585.4,38,3.3,0
CUST00380,31,Male,West,49400,43.8,Electronics,5,609.31,47,2.4,0
CUST00381,18,Male,East,23300,21.0,Fashion,3,170.6,33,2.5,0
CUST00382,62,Female,East,72900,49.3,Beauty,9,464.87,43,2.8,0
CUST00383,18,Female,North,37800,31.8,Fashion,7,430.83,29,3.4,0
CUST00384,18,Female,North,43600,32.6,Groceries,1,182.7,57,4.1,0
CUST00385,47,Female,East,72200,34.8,Beauty,3,352.93,5,3.3,0
CUST00386,64,Female,West,63300,16.1,Home & Living,2,387.19,60,4.4,0
CUST00387,52,Male,Central,54900,31.4,Fashion,7,243.57,70,3.9,0
CUST00388,42,Male,North,42400,33.7,Fashion,13,386.96,2,3.0,0
CUST00389,42,Female,East,51600,36.4,Groceries,5,187.69,70,5.0,0
CUST00390,45,Female,Central,60400,37.0,Groceries,2,224.2,43,4.7,0
CUST00391,44,Other,South,64300,33.4,Sports,7,354.79,4,3.6,1
CUST00392,38,Male,Central,49600,45.0,Electronics,11,596.77,56,4.8,0
CUST00393,36,Male,North,45700,20.2,Electronics,4,403.56,59,2.5,0
CUST00394,34,Female,Central,48300,47.6,Electronics,5,690.29,9,2.8,0
CUST00395,26,Male,West,32600,19.2,Groceries,6,82.79,3,2.7,0
CUST00396,32,Female,Central,64000,39.8,Electronics,9,802.02,48,3.4,0
CUST00397,18,Female,West,18800,7.8,Electronics,1,198.59,43,2.5,0
CUST00398,34,Male,South,48600,32.5,Home & Living,7,320.54,1,3.5,0
CUST00399,23,Female,Central,55800,58.5,Electronics,13,742.53,57,5.0,0
CUST00400,22,Female,South,36800,41.5,Fashion,10,314.55,53,3.9,0
CUST00401,37,Male,South,47700,48.6,Sports,8,263.26,16,3.9,0
CUST00402,52,Female,West,59000,44.9,Groceries,6,308.26,51,3.8,0
CUST00403,46,Female,West,55500,25.3,Beauty,8,304.8,55,3.6,0
CUST00404,18,Female,Central,45700,38.3,Sports,3,375.65,1,3.9,0
CUST00405,23,Male,North,17600,13.6,Home & Living,4,162.95,28,2.3,0
CUST00406,46,Female,West,70900,64.2,Groceries,7,193.7,53,2.3,0
CUST00407,23,Male,West,24700,13.0,Groceries,5,47.68,58,2.7,0
CUST00408,32,Male,North,42800,46.3,Fashion,7,452.73,60,4.7,0
CUST00409,42,Female,South,49800,47.1,Sports,12,333.95,59,4.1,0
CUST00410,23,Male,South,42800,60.7,Sports,12,274.23,22,3.7,0
CUST00411,36,Male,South,34200,23.9,Electronics,1,365.86,8,4.6,0
CUST00412,19,Female,Central,38300,45.8,Fashion,12,371.61,49,2.9,0
CUST00413,28,Female,West,60000,75.1,Electronics,17,896.81,42,5.0,0
CUST00414,39,Female,West,38900,23.3,Electronics,7,449.25,27,3.3,0
CUST00415,18,Female,Central,35000,17.2,Groceries,1,144.38,39,3.2,0
CUST00416,40,Male,South,46000,12.2,Sports,1,250.77,25,3.5,0
CUST00417,35,Male,West,51600,48.6,Electronics,9,728.56,38,4.1,0
CUST00418,42,Male,East,53900,16.4,Home & Living,1,250.24,24,3.3,1
CUST00419,38,Female,Central,44500,30.0,Home & Living,10,395.07,24,4.0,0
CUST00420,51,Female,North,65700,48.5,Sports,9,504.09,60,4.2,0
CUST00421,37,Female,Central,65700,50.3,Home & Living,1,494.5,50,3.8,0
CUST00422,30,Female,North,41800,40.7,Groceries,8,78.9,66,3.6,0
CUST00423,36,Male,South,55100,44.5,Fashion,6,403.27,14,3.6,0
CUST00424,42,Female,West,42100,47.0,Beauty,8,252.95,53,2.8,0
CUST00425,36,Male,South,40000,21.0,Electronics,2,442.33,32,2.8,0
CUST00426,35,Female,West,52000,32.1,Beauty,8,237.38,48,3.5,0
CUST00427,27,Male,East,54300,35.2,Fashion,9,350.16,39,4.2,0
CUST00428,27,Female,West,44200,48.1,Fashion,9,380.0,40,5.0,0
CUST00429,18,Male,South,30500,43.6,Groceries,6,219.68,42,3.6,0
CUST00430,56,Male,North,65600,46.8,Home & Living,8,551.53,8,2.0,1
CUST00431,20,Male,South,23700,42.0,Home & Living,7,314.68,26,2.9,0
CUST00432,27,Female,East,46400,25.4,Fashion,2,314.91,12,3.9,0
CUST00433,26,Female,North,48000,60.9,Groceries,12,301.41,43,3.0,0
CUST00434,46,Male,South,53000,55.3,Groceries,11,177.18,51,2.8,0
CUST00435,31,Male,South,40100,43.0,Sports,12,419.93,63,4.6,0
CUST00436,50,Female,North,62900,63.2,Electronics,14,839.89,49,4.5,0
CUST00437,27,Male,East,37000,13.8,Home & Living,1,237.53,27,2.3,0
CUST00438,38,Female,Central,49700,31.5,Fashion,8,514.26,9,2.7,0
CUST00439,25,Female,North,58100,38.7,Sports,4,331.6,39,4.7,0
CUST00440,61,Male,East,67600,49.6,Beauty,10,361.75,65,4.8,0
CUST00441,21,Male,West,32600,20.4,Home & Living,2,185.35,71,3.1,0
CUST00442,39,Other,South,45300,43.8,Electronics,4,641.4,71,2.7,0
CUST00443,43,Male,West,61200,59.6,Groceries,11,348.91,7,3.5,0
CUST00444,40,Male,South,50400,45.8,Fashion,1,533.55,72,4.0,0
CUST00445,33,Female,East,40200,37.0,Home & Living,1,452.88,67,4.3,0
CUST00446,33,Female,North,57900,32.8,Beauty,5,283.63,10,3.8,0
CUST00447,36,Other,West,61400,35.6,Electronics,6,610.28,71,3.5,0
CUST00448,33,Female,West,40600,48.8,Electronics,7,487.51,53,3.6,0
CUST00449,47,Male,North,41200,38.7,Sports,2,449.49,57,3.3,0
CUST00450,62,Male,South,79800,47.7,Home & Living,5,651.59,27,3.0,0
CUST00451,28,Female,Central,35600,27.4,Beauty,6,176.47,54,4.3,0
CUST00452,19,Female,East,41300,14.9,Electronics,4,444.13,4,3.4,0
CUST00453,34,Male,East,29200,13.5,Fashion,2,132.48,23,2.1,1
CUST00454,66,Female,Central,82100,71.1,Electronics,15,1027.63,48,4.8,0
CUST00455,25,Male,West,28300,13.6,Beauty,3,125.9,42,3.4,0
CUST00456,55,Female,East,71300,47.6,Groceries,6,280.88,3,3.8,0
CUST00457,55,Male,West,64900,53.4,Groceries,8,238.13,3,2.3,0
CUST00458,28,Male,Central,33200,15.9,Sports,1,112.52,28,2.7,0
CUST00459,42,Male,East,50000,38.8,Home & Living,6,440.09,63,4.3,0
CUST00460,55,Male,East,70900,56.3,Beauty,13,478.98,31,2.8,0
CUST00461,30,Male,South,44500,37.5,Sports,8,333.75,10,3.1,0
CUST00462,33,Female,Central,51300,74.9,Electronics,17,878.15,49,3.2,0
CUST00463,28,Female,West,59600,27.4,Electronics,4,502.84,21,3.2,0
CUST00464,23,Female,North,23500,39.3,Groceries,11,127.95,53,3.8,0
CUST00465,27,Other,Central,55500,43.2,Sports,7,365.97,54,3.9,0
CUST00466,20,Male,East,35900,44.7,Groceries,12,210.49,57,3.6,0
CUST00467,35,Male,North,39700,37.9,Fashion,6,351.67,20,3.7,0
CUST00468,26,Female,East,28100,19.7,Groceries,5,138.97,49,3.9,0
CUST00469,38,Male,South,48600,39.8,Fashion,11,462.98,7,3.3,0
CUST00470,18,Other,Central,41600,17.4,Electronics,2,424.67,29,3.1,0
CUST00471,39,Male,North,50000,44.8,Sports,8,404.55,48,4.7,0
CUST00472,45,Other,Central,69900,51.5,Fashion,12,485.6,13,3.7,0
CUST00473,18,Male,East,20200,34.0,Sports,5,223.43,3,2.3,0
CUST00474,39,Female,North,51000,50.9,Sports,5,385.79,2,3.7,0
CUST00475,50,Female,Central,49200,37.7,Fashion,13,370.01,16,4.1,0
CUST00476,20,Other,East,38300,38.7,Home & Living,5,356.42,6,3.2,1
CUST00477,55,Male,South,72700,35.6,Groceries,6,161.36,45,3.7,0
CUST00478,40,Female,East,48200,27.6,Fashion,8,222.15,71,2.5,0
CUST00479,27,Other,Central,17500,35.7,Electronics,4,311.82,5,2.6,1
CUST00480,34,Female,South,48700,55.8,Sports,6,440.76,56,4.7,0
CUST00481,42,Female,North,57600,38.4,Beauty,7,232.45,71,3.5,0
CUST00482,36,Female,North,52200,40.6,Fashion,1,418.19,32,3.5,0
CUST00483,41,Male,South,64000,34.8,Groceries,5,315.1,49,3.2,0
CUST00484,24,Female,West,28800,43.7,Sports,8,360.12,13,3.5,0
CUST00485,37,Female,East,55600,49.8,Home & Living,7,616.48,30,4.0,0
CUST00486,18,Female,South,44000,64.5,Electronics,6,738.51,25,4.1,0
CUST00487,34,Male,North,30900,16.9,Home & Living,8,303.55,60,3.1,0
CUST00488,24,Male,South,41300,32.9,Beauty,6,199.27,59,4.0,0
CUST00489,26,Female,Central,35600,35.9,Fashion,10,283.84,28,4.8,0
CUST00490,50,Female,South,59800,47.6,Sports,7,274.77,58,4.5,0
CUST00491,48,Male,Central,61900,39.3,Fashion,4,525.09,20,3.6,0
CUST00492,42,Female,East,49300,25.6,Groceries,5,244.78,34,2.0,0
CUST00493,22,Male,North,30600,42.0,Fashion,6,295.49,5,3.0,0
CUST00494,31,Male,Central,44700,45.7,Electronics,4,577.95,60,5.0,0
CUST00495,50,Male,East,50700,23.2,Beauty,8,194.96,43,4.7,0
CUST00496,37,Male,West,39700,48.1,Home & Living,6,455.94,57,4.4,0
CUST00497,63,Female,Central,77700,60.6,Beauty,5,519.75,57,3.5,0
CUST00498,40,Male,North,41700,33.7,Sports,10,203.77,54,3.9,0
CUST00499,37,Other,North,55400,42.6,Fashion,6,465.14,45,4.5,0
CUST00500,31,Other,West,48500,46.1,Sports,6,371.02,37,4.5,0
CUST00501,37,Female,South,33900,17.9,Home & Living,1,259.74,48,4.0,0
CUST00502,33,Female,North,40000,33.8,Sports,11,329.5,54,4.6,0
CUST00503,43,Male,North,65300,19.9,Groceries,1,161.1,48,3.7,0
CUST00504,46,Female,North,48300,44.6,Beauty,8,298.2,6,3.2,0
CUST00505,26,Female,West,35900,14.6,Home & Living,5,233.07,34,3.2,0
CUST00506,19,Male,North,38300,55.3,Home & Living,10,520.77,63,4.5,0
CUST00507,18,Female,East,40400,35.0,Home & Living,6,395.45,48,4.7,0
CUST00508,41,Female,West,50600,34.7,Electronics,1,570.26,23,4.2,0
CUST00509,22,Female,East,31300,24.3,Beauty,2,105.55,13,2.3,1
CUST00510,18,Female,North,46100,39.1,Sports,7,325.91,47,2.9,0
CUST00511,40,Female,West,67700,65.3,Home & Living,9,707.99,44,4.8,0
CUST00512,65,Male,North,82100,18.7,Beauty,4,327.81,32,3.7,0
CUST00513,35,Female,West,48500,53.4,Home & Living,11,541.51,26,3.8,0
CUST00514,45,Female,Central,49000,38.9,Groceries,9,285.68,53,4.0,0
CUST00515,36,Male,East,41100,18.6,Groceries,1,183.58,14,4.7,0
CUST00516,34,Male,East,51600,27.4,Groceries,11,166.33,52,3.4,0
CUST00517,46,Male,East,60900,62.1,Fashion,13,524.2,36,4.7,0
CUST00518,32,Female,South,57800,33.6,Home & Living,6,293.57,8,3.4,0
CUST00519,38,Other,Central,56200,28.0,Fashion,8,366.54,40,2.5,0
CUST00520,39,Male,Central,37600,43.5,Beauty,14,246.92,22,2.8,0
CUST00521,27,Female,South,50400,46.1,Fashion,3,458.16,16,3.0,1
CUST00522,47,Male,West,49000,22.9,Beauty,3,224.51,60,4.8,0
CUST00523,33,Other,Central,42600,37.7,Beauty,1,243.77,60,4.9,0
CUST00524,26,Female,Central,42400,25.1,Beauty,5,113.25,10,3.5,0
CUST00525,41,Female,East,70800,63.1,Sports,12,491.82,25,3.2,0
CUST00526,24,Male,East,66400,65.8,Fashion,11,624.76,31,3.0,0
CUST00527,35,Male,South,53200,47.4,Sports,6,514.83,21,4.5,0
CUST00528,35,Male,Central,46100,40.9,Home & Living,1,421.56,33,2.6,0
CUST00529,48,Male,North,63600,64.1,Fashion,12,595.65,31,3.6,0
CUST00530,41,Female,East,60800,43.6,Home & Living,12,568.73,21,5.0,0
CUST00531,35,Female,South,44900,21.6,Home & Living,2,275.73,36,3.2,0
CUST00532,45,Other,South,72400,54.9,Beauty,10,438.15,65,3.1,0
CUST00533,52,Other,South,64300,67.0,Fashion,6,548.03,4,1.9,0
CUST00534,42,Female,Central,58200,29.5,Home & Living,6,479.93,68,5.0,0
CUST00535,35,Female,North,53700,37.0,Groceries,5,194.18,4,3.4,0
CUST00536,19,Female,East,37900,42.0,Home & Living,5,411.51,9,2.6,0
CUST00537,22,Female,North,44300,39.3,Groceries,4,124.17,30,3.3,0
CUST00538,31,Male,North,38800,21.6,Fashion,2,312.93,45,3.3,0
CUST00539,28,Male,East,36800,46.7,Sports,9,468.42,4,1.8,1
CUST00540,33,Male,East,36100,58.9,Fashion,6,370.48,69,4.8,0
CUST00541,36,Female,South,52600,42.6,Sports,6,368.93,23,3.5,0
CUST00542,41,Female,South,59900,32.2,Sports,5,388.74,16,4.0,0
CUST00543,34,Male,North,51000,21.4,Fashion,1,370.45,22,3.5,0
CUST00544,41,Female,South,67900,51.2,Home & Living,14,550.4,72,4.4,0
CUST00545,36,Female,Central,48500,51.0,Electronics,6,483.14,48,2.1,0
CUST00546,18,Male,Central,39300,44.0,Home & Living,5,491.95,62,4.8,0
CUST00547,24,Male,South,28600,29.4,Home & Living,2,331.09,60,3.1,0
CUST00548,33,Female,East,42600,28.0,Beauty,10,125.82,5,2.5,0
CUST00549,20,Female,Central,41300,25.7,Beauty,6,182.06,7,2.8,0
CUST00550,42,Female,North,61300,53.6,Home & Living,6,658.47,51,2.4,0
CUST00551,53,Female,West,60400,50.2,Groceries,12,313.09,65,3.6,0
CUST00552,50,Female,Central,59900,21.4,Sports,4,385.8,9,2.8,1
CUST00553,32,Female,North,31500,47.6,Beauty,9,250.17,45,3.4,0
CUST00554,53,Female,North,59800,45.7,Home & Living,7,522.35,47,2.6,0
CUST00555,37,Female,Central,57500,59.8,Electronics,8,762.0,67,5.0,1
CUST00556,31,Male,East,49500,24.0,Groceries,5,217.09,24,3.8,0
CUST00557,28,Male,North,46300,22.7,Fashion,2,256.04,10,2.6,0
CUST00558,31,Male,South,44800,35.4,Home & Living,11,345.11,48,3.4,0
CUST00559,30,Female,East,43600,42.8,Home & Living,3,485.61,35,4.4,0
CUST00560,37,Female,West,43500,55.8,Sports,14,405.7,54,3.7,0
CUST00561,37,Female,West,55700,50.3,Groceries,8,299.74,71,3.1,0
CUST00562,35,Male,Central,51500,37.0,Beauty,7,248.83,16,3.3,0
CUST00563,40,Male,South,56400,28.9,Beauty,7,274.3,53,3.0,0
CUST00564,49,Male,East,54900,51.9,Beauty,7,294.72,40,3.1,0
CUST00565,46,Male,East,37700,15.9,Fashion,5,239.78,20,3.4,0
CUST00566,18,Female,South,43200,60.2,Groceries,2,124.11,69,4.9,0
CUST00567,18,Male,North,29000,28.4,Groceries,3,88.38,45,5.0,0
CUST00568,46,Male,Central,49300,53.8,Beauty,6,252.35,6,4.3,1
CUST00569,19,Female,Central,40400,46.7,Beauty,4,327.83,69,4.1,0
CUST00570,32,Male,East,41700,33.2,Sports,5,349.24,49,5.0,0
CUST00571,21,Female,West,45400,34.8,Electronics,7,420.6,39,4.2,0
CUST00572,18,Female,South,38900,33.9,Electronics,8,556.8,2,2.5,0
CUST00573,41,Male,East,59000,47.7,Home & Living,9,673.45,39,4.0,0
CUST00574,44,Female,West,43100,32.5,Home & Living,3,373.44,21,3.0,0
CUST00575,28,Female,East,52700,36.0,Groceries,7,142.53,40,2.6,0
CUST00576,18,Female,Central,35700,34.0,Groceries,6,312.26,54,3.0,0
CUST00577,28,Male,West,38500,35.2,Fashion,9,252.89,12,3.2,0
CUST00578,40,Female,South,53300,13.8,Fashion,5,299.48,37,4.3,0
CUST00579,18,Female,West,17300,30.0,Electronics,5,323.1,38,4.5,0
CUST00580,37,Male,North,53100,28.5,Home & Living,2,479.23,15,2.5,0
CUST00581,35,Male,South,38500,18.0,Electronics,1,388.94,7,3.0,0
CUST00582,42,Other,South,41500,11.0,Electronics,1,309.6,50,4.2,0
CUST00583,36,Female,East,34900,7.7,Home & Living,1,149.26,65,4.1,0
CUST00584,23,Male,West,47600,25.4,Fashion,5,306.28,67,4.6,0
CUST00585,49,Female,East,54000,28.1,Sports,7,273.6,44,3.4,0
CUST00586,33,Male,West,59900,69.3,Sports,11,533.53,31,4.7,0
CUST00587,35,Male,East,42900,28.3,Sports,5,256.61,43,3.7,0
CUST00588,24,Male,South,23000,28.1,Home & Living,5,162.38,48,4.4,0
CUST00589,30,Male,West,33500,35.2,Beauty,4,300.78,61,3.7,0
CUST00590,24,Male,South,49500,44.1,Beauty,5,276.72,10,3.3,0
CUST00591,33,Male,South,44600,35.4,Beauty,1,185.58,29,2.2,0
CUST00592,56,Female,East,60700,24.0,Groceries,2,161.7,48,3.1,0
CUST00593,19,Male,South,35600,53.0,Fashion,10,405.6,62,3.9,0
CUST00594,18,Male,North,37800,59.0,Fashion,8,334.11,13,3.4,0
CUST00595,53,Female,West,73100,26.9,Groceries,4,222.59,44,5.0,0
CUST00596,32,Female,East,58200,32.9,Electronics,7,530.74,47,3.6,0
CUST00597,27,Female,East,37700,30.8,Sports,7,382.82,64,3.0,0
CUST00598,47,Male,Central,46000,20.7,Beauty,1,248.19,53,5.0,0
CUST00599,28,Male,East,38100,40.1,Sports,10,296.83,44,4.6,0
CUST00600,57,Male,Central,68800,34.3,Beauty,9,290.7,28,2.6,0
CUST00601,43,Male,North,45900,59.6,Sports,7,427.62,2,3.6,0
CUST00602,29,Male,East,34000,45.4,Electronics,5,559.46,57,4.7,0
CUST00603,61,Male,Central,72900,46.8,Sports,11,486.63,57,4.2,0
CUST00604,28,Male,East,41400,48.4,Sports,8,355.85,34,3.9,0
CUST00605,44,Male,West,55700,52.7,Home & Living,2,536.47,58,3.6,0
CUST00606,39,Male,South,44300,27.3,Sports,1,255.63,52,4.3,0
CUST00607,51,Male,North,59300,29.4,Home & Living,4,412.22,29,3.2,0
CUST00608,54,Male,East,55600,36.8,Fashion,3,289.51,35,1.5,0
CUST00609,35,Female,South,55800,53.0,Groceries,8,281.32,48,4.0,0
CUST00610,26,Female,Central,49400,43.4,Sports,7,397.81,33,2.3,0
CUST00611,41,Male,South,36200,9.4,Fashion,6,156.3,9,4.0,0
CUST00612,27,Female,Central,32600,21.3,Home & Living,3,377.76,48,3.0,0
CUST00613,59,Female,Central,54700,32.6,Sports,9,360.94,67,2.1,0
CUST00614,37,Male,South,43600,33.4,Sports,10,252.51,36,2.2,0
CUST00615,31,Female,South,43600,60.1,Electronics,14,734.32,71,4.3,0
CUST00616,37,Female,Central,36400,13.2,Fashion,3,245.03,44,3.9,0
CUST00617,19,Male,Central,25900,35.6,Beauty,1,226.17,60,2.8,0
CUST00618,23,Male,East,28500,47.6,Beauty,9,225.59,63,3.1,1
CUST00619,49,Female,South,61500,68.5,Electronics,15,880.95,5,3.5,0
CUST00620,27,Female,East,41600,31.7,Home & Living,5,343.74,40,4.5,0
CUST00621,22,Male,West,30200,37.1,Beauty,11,254.65,19,2.4,1
CUST00622,41,Male,South,54400,46.5,Beauty,10,216.02,47,4.1,0
CUST00623,49,Male,West,54700,39.4,Groceries,8,166.11,65,2.6,0
CUST00624,44,Female,North,53000,36.5,Fashion,9,505.16,67,4.4,0
CUST00625,47,Female,North,73000,54.4,Home & Living,10,578.55,18,4.1,0
CUST00626,26,Male,South,52200,13.1,Sports,1,227.59,50,4.2,0
CUST00627,18,Male,South,21600,35.4,Fashion,4,231.71,30,4.3,0
CUST00628,53,Female,South,70500,47.0,Home & Living,11,502.39,66,4.9,0
CUST00629,31,Male,East,51700,38.8,Beauty,4,163.31,5,4.6,0
CUST00630,32,Male,South,34900,55.2,Groceries,9,171.88,42,3.8,0
CUST00631,51,Female,North,68700,37.0,Fashion,3,481.37,5,4.8,0
CUST00632,42,Female,South,67500,42.7,Beauty,12,356.32,50,3.1,0
CUST00633,40,Female,Central,41900,56.1,Home & Living,14,475.17,58,3.9,0
CUST00634,61,Female,South,61600,27.2,Fashion,2,399.29,8,3.2,0
CUST00635,27,Male,East,50100,35.3,Sports,6,410.03,31,2.8,0
CUST00636,46,Male,East,59500,39.3,Fashion,5,431.94,12,1.5,0
CUST00637,36,Female,Central,53600,51.0,Beauty,10,308.44,21,4.1,0
CUST00638,38,Male,South,53400,42.6,Fashion,9,414.9,62,3.3,0
CUST00639,53,Male,West,66600,27.6,Sports,7,417.08,33,3.3,0
CUST00640,41,Male,West,40900,24.8,Groceries,5,218.6,26,4.7,0
CUST00641,41,Male,West,62300,37.3,Groceries,15,165.24,40,4.1,0
CUST00642,48,Male,North,69300,45.6,Beauty,5,380.91,65,5.0,0
CUST00643,31,Male,West,42300,40.7,Home & Living,2,428.47,59,4.1,0
CUST00644,25,Male,North,38900,40.6,Beauty,6,201.34,15,3.8,0
CUST00645,22,Male,East,22900,5.3,Groceries,1,58.16,1,2.9,0
CUST00646,18,Female,West,37900,50.2,Electronics,4,491.96,11,2.7,0
CUST00647,60,Female,North,74100,48.3,Electronics,5,692.67,55,4.6,0
CUST00648,22,Female,Central,36100,51.5,Fashion,6,418.77,2,2.9,0
CUST00649,32,Female,North,55300,48.7,Sports,5,402.71,65,4.6,0
CUST00650,32,Female,Central,42200,48.4,Fashion,10,421.42,44,3.4,0
CUST00651,39,Male,East,56200,47.1,Electronics,6,675.12,16,3.4,0
CUST00652,45,Female,North,47100,49.8,Groceries,8,140.2,22,3.3,0
CUST00653,45,Female,North,56000,45.5,Fashion,10,453.89,18,4.3,0
CUST00654,28,Female,Central,40200,34.2,Beauty,3,169.57,47,3.4,0
CUST00655,33,Male,North,48100,65.8,Sports,10,552.22,30,4.6,0
CUST00656,38,Male,North,47000,46.7,Beauty,9,225.95,10,2.5,0
CUST00657,32,Male,South,44000,43.2,Sports,1,345.69,58,4.2,0
CUST00658,54,Male,West,71300,30.3,Groceries,1,143.69,62,3.4,0
CUST00659,41,Female,East,48900,20.8,Fashion,5,345.48,6,4.1,0
CUST00660,44,Female,North,40900,33.7,Sports,7,285.25,67,3.4,0
CUST00661,43,Male,South,70300,50.6,Beauty,15,363.86,41,3.2,0
CUST00662,49,Other,South,72100,40.5,Fashion,7,555.54,43,2.9,0
CUST00663,37,Female,North,37800,32.4,Fashion,8,317.77,18,3.5,0
CUST00664,19,Male,South,40400,57.7,Beauty,9,354.15,58,4.5,0
CUST00665,40,Male,West,47500,44.0,Electronics,8,540.8,60,4.5,0
CUST00666,27,Male,North,43300,23.9,Sports,9,189.29,27,3.4,0
CUST00667,29,Male,South,45300,36.8,Beauty,1,275.04,68,3.6,0
CUST00668,42,Male,South,51600,27.9,Groceries,6,142.66,22,3.2,0
CUST00669,50,Male,Central,53400,31.2,Home & Living,12,451.15,24,3.4,0
CUST00670,35,Male,Central,41500,28.7,Beauty,6,224.44,40,3.9,0
CUST00671,39,Male,West,42900,27.4,Fashion,10,327.65,66,4.2,0
CUST00672,55,Female,South,57300,21.5,Fashion,2,254.05,40,5.0,0
CUST00673,38,Male,North,49700,36.2,Beauty,6,393.98,6,3.3,0
CUST00674,66,Female,South,67700,32.5,Home & Living,6,478.91,18,3.8,0
CUST00675,42,Male,South,59800,7.5,Beauty,1,258.42,30,3.6,0
CUST00676,18,Other,East,46700,67.5,Home & Living,8,514.19,21,3.3,0
CUST00677,44,Male,West,50200,49.0,Home & Living,5,506.4,62,4.4,0
CUST00678,40,Male,Central,54200,35.4,Groceries,8,104.57,10,2.9,0
CUST00679,50,Other,Central,65000,43.4,Sports,10,469.4,13,3.4,0
CUST00680,43,Female,South,58800,27.6,Fashion,6,364.87,9,4.2,0
CUST00681,33,Female,West,46700,58.0,Fashion,12,475.19,68,3.8,0
CUST00682,20,Male,South,41700,61.8,Home & Living,10,553.51,39,4.1,0
CUST00683,32,Male,North,49500,41.6,Fashion,11,336.04,24,1.5,1
CUST00684,25,Female,West,28100,41.1,Electronics,7,414.96,34,3.5,0
CUST00685,28,Female,North,49600,43.3,Home & Living,7,483.75,61,3.7,0
CUST00686,42,Female,South,61700,27.8,Fashion,4,525.81,41,3.9,0
CUST00687,55,Female,South,57900,32.0,Electronics,7,577.32,5,3.2,0
CUST00688,40,Male,West,52300,40.3,Groceries,5,224.7,50,3.9,0
CUST00689,21,Female,West,42000,33.4,Fashion,8,332.69,4,2.9,0
CUST00690,40,Male,South,50100,34.7,Electronics,2,670.36,51,4.4,0
CUST00691,49,Male,West,69300,45.1,Beauty,4,268.46,52,2.5,1
CUST00692,28,Male,South,63100,48.7,Sports,10,462.62,39,3.9,0
CUST00693,33,Female,East,39000,33.5,Beauty,5,139.83,8,2.4,0
CUST00694,35,Male,West,35300,17.1,Electronics,1,190.44,45,4.7,0
CUST00695,26,Male,West,42800,29.0,Home & Living,8,369.45,28,2.8,0
CUST00696,43,Female,Central,61000,27.7,Home & Living,3,440.78,27,4.4,0
CUST00697,34,Male,South,44800,47.8,Fashion,7,400.87,65,4.1,0
CUST00698,40,Female,West,65100,21.4,Beauty,8,273.85,34,2.1,0
CUST00699,24,Male,West,26400,41.9,Home & Living,12,523.79,62,3.4,0
CUST00700,30,Female,Central,49700,57.2,Home & Living,14,511.36,62,4.8,0
CUST00701,44,Female,North,49900,32.2,Beauty,5,298.48,38,4.3,0
CUST00702,31,Male,West,59800,15.3,Groceries,6,112.77,26,2.4,0
CUST00703,56,Male,East,83500,48.3,Home & Living,5,661.95,24,4.9,0
CUST00704,30,Male,South,36600,31.6,Sports,3,264.83,39,3.7,0
CUST00705,38,Male,East,45400,22.9,Electronics,1,419.82,21,4.2,0
CUST00706,46,Other,South,64800,38.2,Fashion,11,570.74,47,3.0,0
CUST00707,18,Male,East,29800,50.7,Home & Living,6,469.2,48,3.5,0
CUST00708,18,Female,Central,32900,42.2,Sports,7,317.04,13,3.7,0
CUST00709,18,Male,East,33500,23.5,Sports,1,94.45,3,2.8,0
CUST00710,50,Female,West,43200,10.3,Home & Living,4,237.61,32,1.2,0
CUST00711,28,Female,East,41700,32.3,Groceries,4,313.41,35,3.5,0
CUST00712,66,Female,North,67900,36.8,Electronics,2,668.02,19,2.0,0
CUST00713,28,Female,South,37400,39.5,Fashion,8,413.24,14,2.5,0
CUST00714,37,Male,East,62400,39.6,Home & Living,2,585.62,48,2.8,0
CUST00715,54,Male,South,52600,40.1,Fashion,4,429.84,68,5.0,0
CUST00716,59,Female,North,75500,69.8,Beauty,5,425.62,45,5.0,0
CUST00717,60,Female,East,66500,50.3,Sports,4,331.14,19,3.7,0
CUST00718,50,Other,South,58000,38.2,Sports,7,433.49,64,3.9,0
CUST00719,47,Male,South,65100,42.0,Home & Living,1,475.27,66,4.2,0
CUST00720,42,Female,East,56800,36.5,Home & Living,2,467.17,66,5.0,0
CUST00721,44,Female,North,60500,56.6,Beauty,9,308.79,45,2.2,0
CUST00722,28,Male,Central,50500,34.2,Groceries,4,156.91,67,3.1,0
CUST00723,25,Male,Central,36300,34.5,Home & Living,12,350.14,69,4.9,0
CUST00724,35,Female,West,42200,34.7,Sports,11,330.66,3,4.2,0
CUST00725,33,Female,North,36300,25.1,Fashion,2,208.79,38,4.1,0
CUST00726,30,Female,West,36100,15.6,Electronics,4,407.69,42,3.0,1
CUST00727,43,Male,West,81100,59.5,Fashion,12,595.92,40,4.6,0
CUST00728,46,Female,West,68300,45.9,Groceries,6,132.52,50,4.8,0
CUST00729,36,Male,North,36400,36.2,Electronics,2,469.68,35,4.3,0
CUST00730,53,Male,West,51100,27.0,Fashion,4,351.64,24,1.5,0
CUST00731,21,Male,Central,40200,52.4,Fashion,8,428.6,17,3.6,0
CUST00732,33,Female,East,51000,29.8,Beauty,4,345.06,40,4.2,0
CUST00733,26,Female,West,45000,59.6,Groceries,11,200.97,66,3.6,0
CUST00734,18,Female,East,31000,12.1,Sports,1,167.64,44,3.8,0
CUST00735,34,Male,East,45800,41.9,Beauty,4,221.15,23,3.0,0
CUST00736,34,Female,North,49900,45.0,Electronics,8,670.99,6,2.7,0
CUST00737,53,Male,West,63800,31.8,Sports,6,399.82,66,5.0,0
CUST00738,43,Female,North,34600,31.7,Beauty,2,192.03,21,3.6,0
CUST00739,23,Male,East,35500,49.5,Groceries,11,60.67,35,2.6,0
CUST00740,57,Male,South,58800,10.2,Home & Living,1,420.31,29,2.5,0
CUST00741,50,Male,East,62100,47.3,Home & Living,6,462.81,7,2.6,0
CUST00742,42,Male,North,80600,25.8,Electronics,4,653.74,53,3.4,0
CUST00743,32,Female,West,48500,27.5,Home & Living,3,392.9,37,3.8,0
CUST00744,23,Female,West,34700,53.2,Beauty,7,218.0,23,3.8,0
CUST00745,31,Male,North,52600,35.0,Electronics,11,482.23,8,3.7,0
CUST00746,48,Female,North,63100,28.6,Sports,2,245.08,48,3.2,0
CUST00747,58,Male,North,71100,41.8,Groceries,14,273.24,10,4.0,0
CUST00748,54,Female,Central,69400,69.3,Electronics,13,877.14,24,4.8,0
CUST00749,29,Female,East,61200,26.1,Sports,5,530.06,47,3.7,0
CUST00750,22,Female,East,26500,16.2,Electronics,4,218.8,53,3.0,0
CUST00751,37,Male,North,53700,58.6,Fashion,17,451.72,39,3.8,0
CUST00752,18,Female,West,25000,51.6,Fashion,6,314.47,67,5.0,0
CUST00753,39,Female,Central,56100,40.2,Electronics,3,643.77,66,3.4,0
CUST00754,33,Male,Central,37800,17.2,Home & Living,1,239.92,6,2.8,0
CUST00755,29,Male,West,38900,59.3,Fashion,10,481.87,21,3.6,0
CUST00756,18,Female,North,30600,52.0,Groceries,3,111.68,36,4.0,0
CUST00757,41,Female,North,61600,52.3,Sports,9,383.16,3,1.6,0
CUST00758,29,Female,North,50900,31.9,Beauty,10,162.17,42,4.7,0
CUST00759,21,Female,South,24600,27.4,Fashion,5,101.41,45,4.7,0
CUST00760,18,Female,North,33800,32.9,Electronics,5,406.32,44,3.5,0
CUST00761,35,Male,South,41400,37.6,Home & Living,4,370.17,33,5.0,0
CUST00762,56,Male,South,54300,51.7,Beauty,11,309.59,60,5.0,0
CUST00763,55,Male,Central,62800,50.6,Sports,6,538.32,70,5.0,0
CUST00764,30,Female,West,40700,22.0,Sports,9,328.88,26,4.5,0
CUST00765,28,Male,Central,63600,66.5,Fashion,17,566.98,21,4.5,0
CUST00766,41,Female,West,56700,44.8,Sports,8,307.32,2,3.2,0
CUST00767,23,Female,North,25200,35.9,Sports,6,217.58,47,3.7,0
CUST00768,39,Female,West,46100,52.8,Home & Living,12,451.4,30,2.9,0
CUST00769,44,Male,South,64600,31.6,Home & Living,9,429.92,27,3.1,0
CUST00770,50,Female,West,79300,51.6,Home & Living,6,598.84,71,4.0,0
CUST00771,34,Male,South,32600,22.1,Electronics,2,317.94,20,3.5,0
CUST00772,33,Female,Central,29100,7.8,Sports,1,125.97,50,5.0,0
CUST00773,24,Male,South,55200,50.3,Sports,10,393.93,23,1.8,0
CUST00774,25,Male,South,42800,68.1,Sports,13,469.72,13,4.5,0
CUST00775,32,Female,Central,37400,10.1,Groceries,1,117.63,4,2.3,0
CUST00776,39,Male,North,56000,41.0,Home & Living,5,420.8,14,3.3,0
CUST00777,46,Male,West,33400,32.5,Beauty,1,292.34,20,2.8,0
CUST00778,25,Female,West,39300,37.3,Fashion,4,286.44,13,4.8,0
CUST00779,53,Female,Central,66000,41.3,Beauty,9,252.9,3,2.8,0
CUST00780,32,Female,Central,53500,26.6,Electronics,2,544.0,47,4.3,0
CUST00781,35,Female,Central,38600,34.7,Electronics,5,431.18,3,3.7,0
CUST00782,26,Female,North,40900,27.4,Sports,1,297.96,1,2.2,0
CUST00783,18,Male,Central,25000,3.0,Beauty,1,10.0,24,3.3,0
CUST00784,46,Male,West,59400,55.4,Sports,9,553.83,35,4.7,0
CUST00785,44,Male,West,47300,45.7,Groceries,5,230.91,14,2.6,0
CUST00786,32,Female,North,41500,35.4,Electronics,5,413.46,67,4.8,0
CUST00787,36,Female,West,39600,34.9,Electronics,6,399.24,13,3.1,0
CUST00788,41,Male,Central,58700,55.2,Beauty,7,473.65,47,4.8,0
CUST00789,18,Male,Central,41000,42.0,Electronics,3,500.4,50,5.0,0
CUST00790,29,Female,East,40500,46.0,Groceries,13,127.55,26,1.8,1
CUST00791,45,Male,North,56600,36.1,Groceries,4,53.05,3,2.0,1
CUST00792,20,Female,South,22000,42.5,Groceries,7,112.2,51,3.4,0
CUST00793,39,Female,Central,48500,40.5,Fashion,10,386.85,40,4.9,0
CUST00794,19,Female,West,33700,36.7,Groceries,17,187.4,68,4.5,0
CUST00795,41,Male,East,76400,38.2,Groceries,3,149.08,36,2.6,0
CUST00796,35,Female,North,37700,34.8,Fashion,7,235.44,51,4.4,1
CUST00797,18,Female,East,46500,32.8,Sports,3,350.82,1,2.5,1
CUST00798,49,Female,East,68600,38.1,Home & Living,5,581.71,33,4.4,0
CUST00799,26,Female,Central,42600,27.7,Electronics,2,364.51,7,3.7,0
CUST00800,25,Female,West,55100,32.9,Groceries,2,244.18,52,3.1,0
CUST00801,37,Female,South,52800,65.5,Electronics,11,780.33,11,3.5,0
CUST00802,49,Male,East,63200,58.3,Beauty,5,463.64,27,4.6,0
CUST00803,23,Female,North,37100,58.2,Electronics,13,624.33,14,2.0,0
CUST00804,36,Female,Central,59600,30.0,Sports,5,213.06,46,4.0,0
CUST00805,40,Male,South,61900,45.5,Fashion,9,473.45,10,2.5,1
CUST00806,43,Female,East,48900,20.0,Electronics,2,510.97,24,3.6,0
CUST00807,37,Female,South,37600,22.2,Electronics,3,336.2,61,4.4,0
CUST00808,31,Female,West,42500,24.7,Electronics,5,414.71,18,5.0,0
CUST00809,25,Male,West,32000,46.1,Home & Living,4,375.38,9,3.3,0
CUST00810,36,Male,West,48000,32.6,Home & Living,4,220.73,17,4.5,0
CUST00811,22,Other,South,47800,55.0,Beauty,7,438.04,58,3.4,0
CUST00812,18,Female,South,29200,39.2,Fashion,4,255.5,13,2.9,0
CUST00813,40,Male,North,51600,65.9,Electronics,5,803.43,50,4.6,0
CUST00814,46,Female,West,57600,22.1,Electronics,8,511.95,6,3.5,0
CUST00815,18,Female,North,40900,54.4,Electronics,7,702.79,51,3.8,0
CUST00816,23,Female,East,17300,36.5,Electronics,10,380.36,36,3.4,0
CUST00817,42,Female,Central,48200,23.7,Home & Living,7,336.71,71,5.0,0
CUST00818,60,Male,Central,70900,55.4,Sports,5,462.67,25,3.3,0
CUST00819,35,Male,East,58600,48.4,Sports,5,485.55,11,2.6,0
CUST00820,26,Male,East,35700,30.5,Beauty,13,104.31,44,3.0,0
CUST00821,33,Female,North,29200,16.8,Groceries,8,132.43,14,3.8,1
CUST00822,51,Male,West,66900,35.3,Fashion,6,391.5,29,5.0,0
CUST00823,27,Male,Central,35200,57.1,Sports,10,455.76,50,3.5,0
CUST00824,25,Male,South,28500,29.1,Electronics,3,387.63,5,5.0,0
CUST00825,29,Female,East,37000,42.4,Sports,8,364.73,72,4.2,0
CUST00826,24,Female,Central,36700,25.0,Beauty,2,206.36,69,3.8,0
CUST00827,36,Male,Central,43200,25.0,Groceries,1,33.76,57,3.1,0
CUST00828,54,Male,South,44000,41.6,Sports,3,299.08,26,3.4,0
CUST00829,39,Female,East,59200,27.2,Beauty,5,321.18,6,2.6,0
CUST00830,32,Male,North,56700,39.3,Home & Living,3,480.23,16,2.8,0
CUST00831,31,Male,North,50200,40.9,Groceries,7,257.15,60,2.6,0
CUST00832,18,Male,Central,23100,29.5,Beauty,2,197.24,12,4.7,0
CUST00833,46,Male,Central,55300,36.3,Sports,4,315.66,3,4.1,1
CUST00834,34,Male,West,46800,42.1,Home & Living,10,389.06,63,4.3,0
CUST00835,33,Female,North,51400,48.9,Beauty,9,334.96,64,3.9,0
CUST00836,70,Male,Central,83500,56.5,Beauty,9,318.2,62,4.0,0
CUST00837,39,Female,East,44500,22.3,Sports,6,372.07,6,2.6,0
CUST00838,26,Male,South,40800,33.0,Groceries,7,177.4,19,2.4,0
CUST00839,30,Female,East,47600,53.6,Home & Living,13,572.25,18,4.1,0
CUST00840,49,Female,North,72800,59.1,Electronics,8,768.24,43,3.8,0
CUST00841,36,Male,West,54900,25.2,Fashion,3,432.66,3,3.5,0
CUST00842,18,Female,East,40400,43.2,Groceries,3,305.41,72,2.8,0
CUST00843,46,Male,North,57900,16.3,Home & Living,1,280.82,38,3.4,0
CUST00844,27,Other,North,53600,44.6,Beauty,10,367.66,68,3.2,0
CUST00845,57,Male,North,70100,66.6,Home & Living,15,672.21,44,4.3,0
CUST00846,48,Male,North,51100,23.8,Fashion,7,242.13,63,4.8,0
CUST00847,30,Male,East,56100,34.6,Sports,1,399.29,42,5.0,0
CUST00848,50,Other,Central,66800,53.4,Fashion,12,590.64,64,3.7,0
CUST00849,36,Female,North,44600,16.8,Electronics,1,362.27,54,3.0,0
CUST00850,45,Female,North,51900,29.1,Electronics,8,597.67,71,4.0,0
CUST00851,41,Male,East,55500,47.5,Fashion,7,363.64,37,3.1,0
CUST00852,25,Female,West,43400,30.8,Groceries,7,61.79,4,3.4,0
CUST00853,27,Male,South,42700,34.4,Groceries,2,165.84,2,2.0,0
CUST00854,47,Female,South,60800,50.5,Beauty,12,365.76,44,2.4,0
CUST00855,31,Male,East,59600,51.5,Electronics,4,684.53,67,4.0,0
CUST00856,30,Male,South,53100,45.9,Beauty,6,372.72,68,4.7,0
CUST00857,24,Male,North,40100,32.6,Electronics,2,507.57,62,3.3,0
CUST00858,40,Female,West,60500,48.3,Fashion,3,540.83,1,4.0,0
CUST00859,60,Female,West,59700,34.8,Groceries,6,185.09,17,3.6,0
CUST00860,22,Male,East,40300,43.0,Groceries,13,207.05,16,4.6,0
CUST00861,35,Female,West,64000,41.8,Fashion,15,447.98,9,2.7,0
CUST00862,52,Male,West,60200,37.2,Beauty,6,440.86,53,2.7,0
CUST00863,34,Female,North,39300,20.8,Beauty,7,146.9,59,4.4,0
CUST00864,40,Male,South,46100,34.4,Home & Living,6,520.97,9,3.6,0
CUST00865,22,Male,North,26900,19.4,Electronics,5,304.62,12,3.5,0
CUST00866,40,Female,North,44900,20.7,Beauty,2,130.7,41,2.8,0
CUST00867,33,Male,West,42700,38.2,Fashion,7,446.45,15,4.1,0
CUST00868,47,Male,Central,45300,34.4,Beauty,7,268.1,66,3.5,0
CUST00869,49,Female,Central,59800,49.6,Groceries,7,274.83,11,3.5,0
CUST00870,66,Female,West,82200,43.1,Electronics,7,889.14,8,3.2,0
CUST00871,42,Male,North,45500,38.6,Sports,6,364.4,55,4.2,0
CUST00872,39,Male,North,64800,53.5,Home & Living,11,545.15,6,2.4,0
CUST00873,37,Female,West,54000,46.1,Electronics,4,713.93,53,4.5,0
CUST00874,31,Male,East,53600,32.7,Groceries,5,175.92,20,3.9,0
CUST00875,39,Male,West,45200,36.4,Groceries,12,207.99,39,3.7,0
CUST00876,31,Male,West,52000,46.0,Groceries,11,71.38,72,5.0,0
CUST00877,37,Female,West,39600,31.9,Groceries,9,173.01,34,3.7,0
CUST00878,51,Female,Central,69400,20.5,Fashion,3,361.75,57,4.7,0
CUST00879,23,Male,North,39100,38.3,Home & Living,7,479.91,19,3.6,0
CUST00880,49,Male,West,64600,69.8,Sports,15,588.95,71,4.9,0
CUST00881,51,Male,Central,50800,29.6,Groceries,10,178.15,31,2.3,0
CUST00882,34,Female,South,38800,23.6,Groceries,1,156.34,40,3.7,0
CUST00883,18,Male,West,38700,42.4,Beauty,3,206.4,14,2.4,0
CUST00884,28,Male,South,33300,34.8,Home & Living,10,432.63,37,3.8,0
CUST00885,51,Female,Central,65500,57.4,Electronics,9,924.41,44,4.4,0
CUST00886,35,Male,North,35400,14.8,Home & Living,1,268.09,9,3.9,0
CUST00887,23,Female,East,45200,49.0,Home & Living,4,559.34,58,4.5,0
CUST00888,29,Male,North,31600,36.7,Sports,4,246.39,20,3.1,1
CUST00889,45,Male,West,61200,40.8,Home & Living,3,451.57,50,3.3,0
CUST00890,42,Male,North,59300,46.4,Sports,14,434.54,20,1.6,0
CUST00891,32,Female,South,38900,45.5,Groceries,8,199.45,36,3.7,0
CUST00892,31,Female,East,49600,50.6,Groceries,8,181.82,27,4.4,0
CUST00893,30,Female,Central,45800,24.4,Fashion,6,346.51,72,4.3,0
CUST00894,24,Male,North,33600,42.4,Sports,10,330.86,32,3.5,0
CUST00895,54,Female,North,54800,34.6,Sports,9,304.62,1,3.3,0
CUST00896,31,Male,West,26700,26.7,Electronics,8,381.43,17,3.1,0
CUST00897,50,Male,East,63600,43.1,Beauty,5,400.15,9,3.5,0
CUST00898,53,Female,Central,49000,30.3,Home & Living,4,398.2,45,3.5,0
CUST00899,47,Male,North,58800,54.6,Electronics,11,812.39,66,3.6,0
CUST00900,30,Male,West,41100,34.2,Sports,4,235.0,32,3.5,0
CUST00901,40,Male,South,58100,28.9,Electronics,5,594.13,45,3.8,0
CUST00902,35,Male,North,45000,31.2,Fashion,6,271.93,9,4.8,0
CUST00903,24,Male,West,35400,35.9,Beauty,8,167.06,30,2.9,1
CUST00904,39,Female,East,57700,57.2,Sports,4,433.18,38,3.6,0
CUST00905,21,Male,West,38900,44.2,Sports,10,284.72,60,3.8,0
CUST00906,49,Female,South,62500,31.7,Home & Living,5,426.89,1,2.9,0
CUST00907,29,Female,East,46900,69.0,Beauty,14,369.07,5,3.7,0
CUST00908,37,Male,South,35600,32.5,Fashion,8,357.02,63,5.0,0
CUST00909,38,Male,Central,57100,57.7,Groceries,14,216.1,36,3.4,0
CUST00910,32,Male,South,50700,38.7,Electronics,11,489.41,65,4.6,0
CUST00911,42,Female,South,44500,39.5,Home & Living,11,481.08,24,2.0,0
CUST00912,29,Male,South,40500,45.2,Sports,12,301.61,4,2.9,0
CUST00913,45,Female,East,55900,53.8,Groceries,10,221.26,68,5.0,0
CUST00914,19,Male,South,32900,46.6,Fashion,8,386.84,25,3.5,0
CUST00915,37,Female,Central,52500,50.3,Beauty,11,348.98,7,3.7,0
CUST00916,58,Male,South,80200,46.0,Electronics,10,888.05,13,3.1,0
CUST00917,23,Male,Central,47300,34.7,Home & Living,5,430.67,68,4.4,0
CUST00918,27,Female,North,29100,32.7,Sports,7,202.06,43,5.0,0
CUST00919,41,Female,West,58400,53.3,Sports,9,588.17,57,3.2,0
CUST00920,37,Male,Central,61400,42.8,Groceries,5,224.34,36,5.0,0
CUST00921,39,Female,North,54600,53.3,Groceries,13,212.29,14,2.1,0
CUST00922,41,Female,Central,62700,62.3,Electronics,11,877.77,72,4.1,0
CUST00923,43,Female,East,72700,39.4,Beauty,13,379.99,27,2.9,0
CUST00924,48,Female,Central,68000,35.7,Fashion,1,488.09,37,3.5,0
CUST00925,40,Male,West,54200,38.2,Beauty,5,451.32,71,3.5,0
CUST00926,32,Male,South,54600,46.6,Beauty,8,314.79,25,2.8,0
CUST00927,43,Male,North,55900,33.6,Beauty,9,272.71,67,3.1,0
CUST00928,58,Female,South,67500,58.1,Electronics,11,829.43,4,4.0,0
CUST00929,33,Female,North,42900,40.4,Electronics,8,610.34,16,3.3,0
CUST00930,23,Male,North,51600,44.7,Fashion,4,343.16,19,3.0,1
CUST00931,48,Male,North,51400,18.1,Beauty,1,107.36,29,3.7,0
CUST00932,34,Female,East,60700,30.2,Electronics,6,556.2,51,2.8,0
CUST00933,18,Other,West,37800,40.7,Fashion,3,256.32,18,3.6,0
CUST00934,45,Female,North,43700,6.0,Sports,1,174.51,58,3.8,0
CUST00935,29,Male,North,46000,50.8,Fashion,10,467.25,44,3.8,0
CUST00936,34,Male,West,28000,23.7,Beauty,1,115.79,16,3.7,0
CUST00937,39,Male,North,56800,80.8,Home & Living,18,594.26,65,5.0,0
CUST00938,37,Female,North,57400,70.6,Beauty,15,425.06,2,3.5,0
CUST00939,44,Male,North,50100,33.7,Home & Living,1,462.08,56,3.8,0
CUST00940,30,Female,Central,44600,36.1,Fashion,3,261.32,28,2.6,0
CUST00941,41,Male,Central,70400,61.6,Sports,3,589.53,65,2.3,0
CUST00942,32,Female,South,40600,54.6,Sports,7,440.76,5,3.4,0
CUST00943,44,Female,West,45900,13.6,Electronics,5,442.4,22,2.5,1
CUST00944,42,Female,East,67000,25.7,Sports,3,449.05,13,1.4,0
CUST00945,24,Male,West,56100,39.2,Groceries,8,326.64,65,3.8,0
CUST00946,48,Male,West,58800,46.9,Fashion,3,454.03,16,3.6,1
CUST00947,29,Male,West,51800,48.2,Electronics,10,662.0,64,4.8,0
CUST00948,45,Female,South,68300,59.8,Sports,8,499.37,32,4.5,0
CUST00949,39,Female,North,44500,19.8,Fashion,3,287.39,51,4.6,0
CUST00950,57,Female,East,62100,11.1,Beauty,2,327.99,58,4.7,0
CUST00951,32,Female,Central,56300,54.3,Sports,5,372.56,46,2.7,0
CUST00952,31,Female,East,59500,36.4,Home & Living,3,417.39,52,3.8,0
CUST00953,35,Male,Central,52800,16.5,Fashion,6,391.18,63,4.5,0
CUST00954,31,Female,Central,36400,33.6,Electronics,7,519.95,60,4.1,0
CUST00955,45,Male,North,74100,60.1,Beauty,13,417.27,65,4.0,0
CUST00956,18,Male,West,28500,30.0,Groceries,6,171.26,55,3.9,0
CUST00957,22,Female,West,33700,27.9,Beauty,5,222.06,57,4.1,0
CUST00958,22,Male,Central,39800,35.3,Sports,1,397.48,71,4.1,0
CUST00959,46,Male,Central,71100,43.9,Home & Living,7,567.01,26,3.0,0
CUST00960,56,Female,West,73300,30.0,Beauty,5,396.9,12,2.0,0
CUST00961,34,Male,South,50600,31.1,Groceries,11,325.03,71,4.0,0
CUST00962,33,Female,West,50200,46.1,Electronics,10,666.96,46,4.0,0
CUST00963,36,Male,North,49000,41.9,Fashion,12,412.14,47,3.9,0
CUST00964,49,Male,West,64700,45.3,Home & Living,9,582.22,38,4.6,0
CUST00965,24,Male,Central,15600,9.4,Groceries,1,29.02,21,4.2,0
CUST00966,38,Male,South,47600,34.3,Sports,6,477.74,14,3.4,0
CUST00967,47,Female,West,60100,15.0,Sports,3,314.2,2,3.1,1
CUST00968,41,Male,East,42500,34.4,Sports,3,298.1,72,4.6,0
CUST00969,37,Female,East,52900,57.3,Home & Living,8,492.57,70,4.6,0
CUST00970,47,Female,South,56100,20.9,Beauty,3,315.58,33,3.3,0
CUST00971,18,Female,West,49100,37.4,Home & Living,11,476.21,6,3.8,0
CUST00972,43,Female,Central,68700,51.8,Sports,2,462.52,37,3.6,0
CUST00973,27,Female,Central,36800,48.6,Groceries,12,210.25,14,3.2,0
CUST00974,18,Male,North,31900,28.3,Fashion,2,180.59,37,4.0,0
CUST00975,41,Male,Central,52200,30.0,Fashion,1,379.38,8,3.1,0
CUST00976,51,Male,West,57300,14.3,Home & Living,6,374.28,13,3.4,0
CUST00977,33,Female,South,47800,39.6,Sports,9,459.96,40,4.0,0
CUST00978,46,Male,North,50300,59.8,Electronics,14,677.53,58,4.8,0
CUST00979,54,Female,South,53700,38.0,Home & Living,9,372.58,18,4.0,0
CUST00980,51,Female,Central,67000,43.8,Sports,13,398.23,57,4.2,0
CUST00981,55,Male,West,70400,48.6,Beauty,10,308.38,38,1.6,1
CUST00982,44,Female,West,48200,34.6,Fashion,5,452.13,32,3.9,0
CUST00983,36,Male,South,56700,33.1,Fashion,7,495.32,66,4.5,0
CUST00984,18,Male,West,27600,40.8,Fashion,11,329.15,25,4.0,0
CUST00985,32,Female,North,47500,41.2,Electronics,5,654.14,58,3.4,0
CUST00986,25,Female,South,46600,40.6,Sports,5,364.96,33,1.9,0
CUST00987,61,Female,West,69500,30.4,Sports,4,399.97,66,4.8,0
CUST00988,33,Male,North,50100,55.4,Sports,3,413.1,30,2.6,0
CUST00989,36,Male,Central,44000,42.9,Sports,8,337.56,34,4.6,0
CUST00990,42,Female,South,51900,31.1,Electronics,1,448.28,69,3.7,0
CUST00991,36,Female,West,46700,48.6,Groceries,8,211.32,48,3.0,0
CUST00992,55,Female,South,58000,31.0,Home & Living,8,432.22,40,4.1,0
CUST00993,28,Male,East,40200,25.9,Home & Living,3,368.22,51,4.4,0
CUST00994,37,Female,North,35500,20.1,Sports,8,232.03,13,3.7,0
CUST00995,26,Male,North,35700,12.0,Beauty,1,144.8,31,3.9,0
CUST00996,19,Male,Central,31600,38.8,Fashion,10,266.02,39,3.1,0
CUST00997,28,Female,South,39500,12.9,Electronics,4,343.82,63,2.8,0
CUST00998,35,Male,West,45600,21.5,Beauty,1,262.45,48,3.5,0
CUST00999,30,Female,Central,42900,11.4,Beauty,10,106.98,48,2.8,0
CUST01000,27,Male,North,45300,37.8,Sports,6,345.21,61,4.4,0
